id,full_name,country,email,gender,dob,blood_group,state
17011CE23,Othilia Dykas,Brazil,odykas0@ovh.net,Female,05-11-2008,B+,Goa
1701CS05,Torry Skyram,Brazil,tskyram1e@nhs.uk,Male,06-01-2017,AB-,Karnataka
1701CS33,Pooh Hearson,Brazil,phearson26@ustream.tv,Female,13-05-2006,O-,Uttar Pradesh
1701CS34,Barris Firidolfi,Brazil,bfiridolfi27@constantcontact.com,Male,10-09-2011,O-,Himachal Pradesh
1701CS37,Doroteya Mattin,Brazil,dmattin2a@behance.net,Female,19-08-2009,B+,Uttar Pradesh
1701CS39,Morgun Goldstraw,Brazil,mgoldstraw2c@biglobe.ne.jp,Male,22-10-2011,A-,Meghalaya
1701CS44,Loretta Donaher,Brazil,ldonaher2h@latimes.com,Female,03-09-2004,AB-,Haryana
1701CS53,Ayn Hinstridge,Brazil,ahinstridge2q@wisc.edu,Female,08-04-2012,B-,Gujarat
1701EE15,Tani Ingall,Brazil,tingall3b@zimbio.com,Female,07-06-2014,O+,Puducherry
1701ME15,Vivianne Duffit,Brazil,vduffit4q@apple.com,Female,08-02-2005,B-,Andaman and Nicobar Islands
1701ME40,Ernesta Armfirld,Brazil,earmfirld58@edublogs.org,Female,15-04-2016,O-,Tripura
1711CS02,Libby Bratten,Brazil,lbratten5l@bluehost.com,Female,16-02-2005,O-,Jammu and Kashmir
1711CS04,Alica Rogier,Brazil,arogier5n@github.io,Female,01-07-2014,AB+,Mizoram
1711MS02,Page Beverley,Brazil,pbeverley6p@ebay.co.uk,Female,16-12-2004,AB+,Lakshadweep
1721PH08,Helli Rapps,Brazil,hrapps8s@irs.gov,Female,10-02-2008,AB-,Madhya Pradesh
1801CB25,Rooney Semrad,Brazil,rsemrad9k@prlog.org,Male,18-12-2005,A-,Jharkhand
1801CE15,Nessa Scaife,Brazil,nscaifea0@alibaba.com,Female,21-02-2019,AB+,Sikkim
1801CE22,Yves Bawdon,Brazil,ybawdona6@nps.gov,Male,19-06-2010,O+,Sikkim
1801CS01,Pia McAndrew,Brazil,pmcandrewag@cisco.com,Female,14-07-2009,O-,Lakshadweep
1801CS20,Gordy Vian,Brazil,gvianaz@wikia.com,Male,13-05-2006,O+,Chandigarh
1801CS40,Daniela Torry,Brazil,dtorrybj@purevolume.com,Female,21-08-2019,O-,Tamil Nadu
1801CS52,Robinette Dwine,Brazil,rdwinebv@addthis.com,Female,10-05-2015,AB+,Puducherry
1801CS66,Avram Goodings,Brazil,agoodingsc9@vk.com,Male,07-08-2009,B-,Jammu and Kashmir
1801EE53,Maxim Antcliff,Brazil,mantcliffdl@goo.gl,Male,27-07-2011,B+,Delhi
1801EE56,Rickie Castagnasso,Brazil,rcastagnassodo@intel.com,Male,11-08-1999,O-,Goa
1801ME42,Hallsy Mc Dermid,Brazil,hmcex@livejournal.com,Male,23-01-2000,B-,Odisha
1811CE01,Adriane Dossantos,Brazil,adossantosfj@washingtonpost.com,Female,03-04-2003,A-,Jammu and Kashmir
1811EE02,Ad Ruecastle,Brazil,aruecastleg7@addthis.com,Male,16-12-1999,A-,Tripura
1811EE19,Benoit Pactat,Brazil,bpactatgm@guardian.co.uk,Male,04-09-2010,B+,Delhi
1811MC04,Cherish Stanner,Brazil,cstannergs@cmu.edu,Female,10-06-2017,A+,Manipur
1811MT15,Bronson Bastistini,Brazil,bbastistiniht@sina.com.cn,Male,27-03-2008,B-,Arunachal Pradesh
1811NT07,Gay Rewbottom,Brazil,grewbottomi0@cafepress.com,Male,23-06-2009,O-,Kerala
1821CE06,Annabelle Jennaroy,Brazil,ajennaroyj0@mayoclinic.com,Female,09-03-1999,B-,Jammu and Kashmir
1901CB32,Mozes Schroeder,Brazil,mschroederm2@comsenz.com,Male,16-01-2002,B-,Dadra and Nagar Haveli
1901CE06,Dinah Arsnell,Brazil,darsnellmt@histats.com,Female,16-02-2017,B+,Goa
1901CE07,Norby Hayer,Brazil,nhayermu@ehow.com,Male,28-11-2001,AB+,Chhattisgarh
1901CS43,Addy Speke,Brazil,aspekep8@123-reg.co.uk,Male,11-11-2008,A+,Dadra and Nagar Haveli
1901CS53,Lesya Jovanovic,Brazil,ljovanovicph@hexun.com,Female,23-06-2007,B+,Madhya Pradesh
1901EE25,Alessandro Ravenscroft,Brazil,aravenscroftqu@51.la,Male,01-09-2019,B+,Kerala
