id,full_name,country,email,gender,dob,blood_group,state
1701CB04,Shannan Downey,Indonesia,sdowney2@wikispaces.com,Male,30-09-2008,AB+,Telangana
1701CB10,Felix Rodger,Indonesia,frodger7@msn.com,Male,04-07-2010,AB+,Sikkim
1701CB12,Raoul Apedaile,Indonesia,rapedaile9@discovery.com,Male,11-08-2006,AB-,Telangana
1701CB23,Norah Baradel,Indonesia,nbaradelj@europa.eu,Female,21-03-2016,AB-,Maharashtra
1701CB25,Korrie Craddock,Indonesia,kcraddockk@ning.com,Female,19-02-2003,O-,Dadra and Nagar Haveli
1701CE06,Peri Connal,Indonesia,pconnals@imgur.com,Female,23-08-2015,A+,Jammu and Kashmir
1701CE26,Roseline Leatherland,Indonesia,rleatherland18@intel.com,Female,10-11-2009,A-,Haryana
1701CS25,Rene Fargher,Indonesia,rfargher1y@paginegialle.it,Female,09-06-2000,B-,Himachal Pradesh
1701CS31,Aliza Benoiton,Indonesia,abenoiton24@hao123.com,Female,19-07-2002,AB+,Arunachal Pradesh
1701CS43,Hynda Tothe,Indonesia,htothe2g@bloglines.com,Female,18-08-2013,A+,Odisha
1701CS46,Alejoa Biagioni,Indonesia,abiagioni2j@themeforest.net,Male,23-05-2000,A+,Gujarat
1701CS51,Camilla Baudou,Indonesia,cbaudou2o@fc2.com,Female,17-08-2011,AB-,Manipur
1701EE16,Bibi Jaycocks,Indonesia,bjaycocks3c@digg.com,Female,24-06-2002,O-,Andhra Pradesh
1701EE17,Clair Krolle,Indonesia,ckrolle3d@miibeian.gov.cn,Female,15-12-2005,AB+,Jharkhand
1701EE31,Sephira Paradis,Indonesia,sparadis3n@smh.com.au,Female,06-09-2002,O+,Odisha
1701EE53,Silvan Townsend,Indonesia,stownsend46@tuttocitta.it,Male,10-09-2017,B+,Telangana
1701ME08,Marysa Libbis,Indonesia,mlibbis4m@furl.net,Female,15-07-2001,O-,Bihar
1701ME26,Quentin Daughtery,Indonesia,qdaughtery4x@baidu.com,Female,04-08-2017,AB+,Tripura
1701ME35,Flss Oxenford,Indonesia,foxenford55@google.co.uk,Female,19-02-2015,A+,Bihar
1701ME42,Clea Scaife,Indonesia,cscaife5a@vkontakte.ru,Female,28-05-2015,O-,Dadra and Nagar Haveli
1711CS03,Adelaide Gahagan,Indonesia,agahagan5m@reuters.com,Female,08-03-2015,A-,Arunachal Pradesh
1711CS05,Ashlin Keane,Indonesia,akeane5o@timesonline.co.uk,Male,21-11-2008,A-,Bihar
1711CS11,Jon Dubock,Indonesia,jdubock5u@quantcast.com,Male,16-06-2000,O+,Punjab
1711EE15,Thorstein Grisenthwaite,Indonesia,tgrisenthwaite65@bloglines.com,Male,02-02-2015,A+,Sikkim
1711MC05,Ash Ellens,Indonesia,aellens6a@webnode.com,Male,02-04-2008,B+,Andaman and Nicobar Islands
1711MC11,Orton Cornelisse,Indonesia,ocornelisse6e@examiner.com,Male,18-01-2020,B-,Maharashtra
1711ME05,Andrej Buscombe,Indonesia,abuscombe6i@sakura.ne.jp,Male,08-01-2003,AB+,Jharkhand
1711MS08,Aeriela Blaxall,Indonesia,ablaxall6r@de.vu,Female,23-12-2006,AB-,Telangana
1711MT01,Derrik Sommerton,Indonesia,dsommerton6v@reddit.com,Male,05-02-2005,B-,Jharkhand
1711MT16,Samara Liddle,Indonesia,sliddle75@telegraph.co.uk,Female,29-05-2013,B-,Daman and Diu
1711NT10,Torrence Usmar,Indonesia,tusmar7b@cafepress.com,Male,21-01-2001,O-,Andhra Pradesh
1721EE10,Britney MacPaden,Indonesia,bmacpaden7z@amazon.co.jp,Female,07-04-2008,A-,Chhattisgarh
1721ME04,Hailey Pickaver,Indonesia,hpickaver8f@amazon.com,Male,06-01-2000,O+,Sikkim
1721ME09,Valene Sears,Indonesia,vsears8h@typepad.com,Female,09-08-2015,A-,Manipur
1801CB07,Joceline Shippard,Indonesia,jshippard94@mlb.com,Female,21-12-2010,B+,Dadra and Nagar Haveli
1801CB17,Aurelia Bilham,Indonesia,abilham9c@tinyurl.com,Female,05-09-2012,B-,Goa
1801CB18,Hal Adanet,Indonesia,hadanet9d@tiny.cc,Male,04-10-2009,O+,Jammu and Kashmir
1801CB20,Albert Petworth,Indonesia,apetworth9f@mit.edu,Male,12-02-2006,AB+,Rajasthan
1801CE13,Josi Ankrett,Indonesia,jankrett9y@nhs.uk,Female,14-11-1999,O-,Chhattisgarh
1801CE27,Zolly Fincke,Indonesia,zfinckeaa@hao123.com,Male,04-09-2005,A+,Jharkhand
1801CS08,Ardelia Abela,Indonesia,aabelaan@ft.com,Female,05-01-2016,O+,Sikkim
1801CS21,Liesa Patience,Indonesia,lpatienceb0@eepurl.com,Female,20-04-2014,AB-,Meghalaya
1801CS33,Lon Furmston,Indonesia,lfurmstonbc@google.de,Male,28-11-2015,A+,Kerala
1801CS37,Ginny Dominik,Indonesia,gdominikbg@ask.com,Female,24-04-2019,AB-,Goa
1801CS47,Auria Bonner,Indonesia,abonnerbq@auda.org.au,Female,18-08-2012,B-,Madhya Pradesh
1801CS48,Karola Boriston,Indonesia,kboristonbr@soup.io,Female,23-12-2008,O-,Nagaland
1801CS54,Ripley Edkins,Indonesia,redkinsbx@cnn.com,Male,23-08-2008,B-,Mizoram
1801EE14,Brenda Reagan,Indonesia,breaganco@npr.org,Female,11-10-2004,AB+,Dadra and Nagar Haveli
1801EE24,Fedora Credland,Indonesia,fcredlandcx@naver.com,Female,05-01-2019,AB-,Maharashtra
1801EE30,Carmon Rubrow,Indonesia,crubrowd3@360.cn,Female,29-07-2003,A+,Himachal Pradesh
1801EE32,Ludovico Scutter,Indonesia,lscutterd5@over-blog.com,Male,05-07-2010,B+,Karnataka
1801EE33,Winne Hanbidge,Indonesia,whanbidged6@issuu.com,Female,04-08-2010,O+,Meghalaya
1801EE52,Devy Carlo,Indonesia,dcarlodk@mac.com,Male,13-05-2015,O+,Goa
1801ME09,Gerry Yarnton,Indonesia,gyarntone7@independent.co.uk,Female,19-07-2000,AB-,Dadra and Nagar Haveli
1801ME20,Quinta Stanborough,Indonesia,qstanborougheg@ustream.tv,Female,26-07-2020,AB-,Kerala
1801ME22,Tamar Auguste,Indonesia,taugusteei@ebay.com,Female,21-08-2008,AB-,Chhattisgarh
1801ME25,Chrissie Raspison,Indonesia,craspisonel@blogtalkradio.com,Female,25-02-2016,AB-,Arunachal Pradesh
1801ME27,Noam Danskine,Indonesia,ndanskineen@yellowpages.com,Male,06-11-1999,A-,Jammu and Kashmir
1801ME43,Toby Queenborough,Indonesia,tqueenboroughey@fema.gov,Male,25-07-2000,B-,Punjab
1801ME56,Sheela Reinhardt,Indonesia,sreinhardtf8@google.nl,Female,04-12-2018,B-,Goa
1801ME57,Bernete Eidler,Indonesia,beidlerf9@a8.net,Female,17-03-2007,O-,West Bengal
1801ME59,Naomi Ricardo,Indonesia,nricardofb@springer.com,Female,08-08-2016,A-,Kerala
1811MC03,Win Poolman,Indonesia,wpoolmangr@seesaa.net,Male,21-04-2017,O+,Maharashtra
1811MC08,Maybelle Collier,Indonesia,mcolliergw@instagram.com,Female,24-06-2013,B+,Chandigarh
1811MC11,Buddy O'Crowley,Indonesia,bocrowleygy@ucoz.ru,Male,28-02-2018,B+,Andaman and Nicobar Islands
1811ME06,Amberly Bradbrook,Indonesia,abradbrookh3@twitpic.com,Female,28-01-2017,A-,Uttar Pradesh
1811MS02,Isador Caven,Indonesia,icavenha@networkadvertising.org,Male,24-04-2000,B-,Bihar
1811MT14,Kristofer Beckford,Indonesia,kbeckfordhs@weebly.com,Male,28-07-2008,O+,Tripura
1812MA11,Andriette Batts,Indonesia,abattsin@jugem.jp,Female,09-01-2011,O+,Tripura
1812PH04,Jephthah Coetzee,Indonesia,jcoetzeeir@apache.org,Male,24-01-2015,A-,Odisha
1821CE12,Leoline Mellodey,Indonesia,lmellodeyj3@friendfeed.com,Female,24-03-2017,O+,Tamil Nadu
1821CH08,Edwin Wonfor,Indonesia,ewonforja@google.com.au,Male,04-10-2005,AB-,Delhi
1821CH15,Farly Tabram,Indonesia,ftabramjf@mapy.cz,Male,21-07-2020,B-,Andaman and Nicobar Islands
1821CS10,Janel Faust,Indonesia,jfaustjm@pen.io,Female,22-07-2007,O-,Andaman and Nicobar Islands
1821CS17,Albie Wakerley,Indonesia,awakerleyjt@harvard.edu,Male,31-03-2012,O-,Uttarakhand
1821EE11,Rudd Scowcroft,Indonesia,rscowcroftk3@google.co.uk,Male,16-10-2017,B-,Puducherry
1821ME20,Linell Lammiman,Indonesia,llammimanks@google.es,Female,04-05-2006,A+,Tripura
189_Spouse,Daisie Pomroy,Indonesia,dpomroyl2@de.vu,Female,13-11-2009,B+,Chhattisgarh
18PS24,Aube Smolan,Indonesia,asmolanl9@slashdot.org,Male,21-01-2013,AB-,Andaman and Nicobar Islands
1901CB19,Charles Pollak,Indonesia,cpollaklt@google.pl,Male,19-10-1999,AB-,Meghalaya
1901CB23,Frannie Sowley,Indonesia,fsowleylw@github.com,Female,30-03-2011,O-,Jharkhand
1901CB27,Maximilianus Chilcott,Indonesia,mchilcottlz@google.es,Male,25-04-2008,B+,Jammu and Kashmir
1901CB43,Caitrin Cohalan,Indonesia,ccohalanmb@goo.gl,Female,31-12-2002,AB+,Jammu and Kashmir
1901CB50,Gaynor Habbert,Indonesia,ghabbertmh@cocolog-nifty.com,Female,26-03-2006,B+,Punjab
1901CE08,Ronny Deevey,Indonesia,rdeeveymv@google.pl,Male,13-10-2015,O-,Goa
1901CE11,Stevy Peyes,Indonesia,speyesmy@nydailynews.com,Male,02-04-2003,AB-,Karnataka
1901CE26,Job Immer,Indonesia,jimmernd@dot.gov,Male,06-01-2020,A+,Odisha
1901CS08,Luther Largen,Indonesia,llargenoa@issuu.com,Male,03-03-2004,B-,Tamil Nadu
1901CS18,Lucille Blanko,Indonesia,lblankook@google.com.au,Female,18-02-2003,AB+,Nagaland
1901CS20,Ofelia Etteridge,Indonesia,oetteridgeom@slashdot.org,Female,13-02-2001,B-,Meghalaya
1901CS21,Mandy Lambswood,Indonesia,mlambswoodon@a8.net,Female,16-08-2011,O+,Sikkim
1901CS39,Olivier Botright,Indonesia,obotrightp4@yandex.ru,Male,26-01-2000,AB+,Goa
1901CS49,Rozalin Padbury,Indonesia,rpadburypd@cbc.ca,Female,08-11-2012,A-,Odisha
1901CS58,Susann Duncklee,Indonesia,sdunckleepl@biglobe.ne.jp,Female,15-05-2014,O-,Chandigarh
1901CS73,Fee Zylberdik,Indonesia,fzylberdikpz@storify.com,Male,21-06-2016,O+,Goa
1901CS74,Rachael Adds,Indonesia,raddsq0@youtube.com,Female,11-02-2016,B-,Delhi
1901CS75,Tito Georgeson,Indonesia,tgeorgesonq1@cloudflare.com,Male,28-08-2003,AB+,Tamil Nadu
1901EE26,Durante Kleiner,Indonesia,dkleinerqv@deviantart.com,Male,07-07-2018,AB+,Karnataka
1901EE34,Rory Selborne,Indonesia,rselborner3@sun.com,Male,08-12-2018,A+,Haryana
1901EE37,Francois Malster,Indonesia,fmalsterr6@tinyurl.com,Male,06-05-2013,B+,Tripura
1901EE41,Rasla Daborn,Indonesia,rdabornr9@typepad.com,Female,01-11-2009,AB+,Telangana
