id,full_name,country,email,gender,dob,blood_group,state
1701CE23,Erhart Scading,Poland,escading16@princeton.edu,Male,09-08-2010,B+,Mizoram
1701CS20,Patty Verrillo,Poland,pverrillo1t@symantec.com,Male,29-07-2004,A-,Gujarat
1701CS49,Aeriel Pryor,Poland,apryor2m@diigo.com,Female,12-08-2008,A-,Tamil Nadu
1701CS55,Lauralee Nimmo,Poland,lnimmo2s@narod.ru,Female,12-12-2011,O-,Goa
1701EE08,Adora Chisolm,Poland,achisolm35@newyorker.com,Female,07-10-2006,O-,Karnataka
1701EE24,Hope O'Doireidh,Poland,hodoireidh3i@usda.gov,Female,13-02-2007,O-,Delhi
1701EE29,Cyndy Voules,Poland,cvoules3l@clickbank.net,Female,10-07-2004,AB+,Tamil Nadu
1701EE36,Rhoda Hutchason,Poland,rhutchason3s@ox.ac.uk,Female,16-06-2007,AB-,Assam
1701EE45,Merv Seeney,Poland,mseeney41@discuz.net,Male,20-05-2011,B-,Andhra Pradesh
1701EE60,Chickie Lacroutz,Poland,clacroutz4d@freewebs.com,Female,14-05-2008,A+,Assam
1701ME34,Ekaterina Glasspool,Poland,eglasspool54@indiatimes.com,Female,10-03-2001,A+,Mizoram
1701ME54,Matthiew Terrazzo,Poland,mterrazzo5h@yelp.com,Male,29-03-2012,A+,Tamil Nadu
1801CAN23,Mildrid Seabert,Poland,mseabert90@bloglovin.com,Female,25-05-2015,B+,Haryana
1801CB04,Hanni Asche,Poland,hasche92@wp.com,Female,12-07-2017,O-,Rajasthan
1801CE06,Hedy Mealing,Poland,hmealing9t@narod.ru,Female,07-06-2018,O+,Gujarat
1801CE07,Gilles Grimwad,Poland,ggrimwad9u@oaic.gov.au,Male,01-04-2005,AB-,Tamil Nadu
1801CE17,Hayden Dunckley,Poland,hdunckleya2@flickr.com,Male,05-09-2009,A-,Chandigarh
1801CE31,Stanleigh Pales,Poland,spalesae@apache.org,Male,15-08-2015,AB+,Tamil Nadu
1801CS31,Brana Bulger,Poland,bbulgerba@google.ru,Female,26-08-2007,AB+,Chhattisgarh
1801CS39,Egan Ashling,Poland,eashlingbi@wordpress.com,Male,24-08-2016,B+,Jharkhand
1801CS68,Perren Weaving,Poland,pweavingcb@addtoany.com,Male,15-01-2002,B+,Tripura
1801EE38,Marice Mocker,Poland,mmockerda@nature.com,Female,29-05-2017,AB-,Uttarakhand
1801EE62,Allyson Provost,Poland,aprovostds@seesaa.net,Female,19-07-2005,O-,Daman and Diu
1801ME11,Vachel Standish-Brooks,Poland,vstandishbrookse8@about.com,Male,13-04-2019,A-,Manipur
1801ME64,Yovonnda Kleinpeltz,Poland,ykleinpeltzfg@archive.org,Female,27-09-2006,B-,Puducherry
1811ME10,Janetta Ker,Poland,jkerh7@howstuffworks.com,Female,21-05-2001,AB+,Tripura
1821CH04,Ingaberg Crowdson,Poland,icrowdsonj6@nsw.gov.au,Female,16-02-2020,AB-,Chandigarh
1821CS08,Kean Robak,Poland,krobakjl@networkadvertising.org,Male,12-10-2000,AB-,Uttarakhand
1821MS01,Bradly Bourdon,Poland,bbourdonkt@state.tx.us,Male,02-04-2014,AB+,Odisha
1901CE15,Arleen Bolino,Poland,abolinon2@nationalgeographic.com,Female,27-04-2012,O-,Madhya Pradesh
1901CE39,Otto Dakers,Poland,odakersno@tripadvisor.com,Male,12-09-2001,AB+,Haryana
1901CE48,Melvyn Shillabeare,Poland,mshillabearenu@unblog.fr,Male,19-09-2012,O-,Bihar
1901CS41,Anetta Graver,Poland,agraverp6@cargocollective.com,Female,17-07-2013,B+,Dadra and Nagar Haveli
1901CS51,Mickey Garroch,Poland,mgarrochpf@bloglovin.com,Male,24-08-2018,B-,Madhya Pradesh
1901EE10,Phyllida Hyndman,Poland,phyndmanqf@t-online.de,Female,11-10-2010,B-,Mizoram
1901EE45,Marna Symon,Poland,msymonrd@fastcompany.com,Female,18-04-2002,B-,Chhattisgarh
1901EE50,Cully Kepling,Poland,ckeplingri@blogs.com,Male,15-04-2001,B-,Andaman and Nicobar Islands
1901EE51,Gayelord Gallen,Poland,ggallenrj@goo.gl,Male,27-01-2003,A+,Puducherry
