id,full_name,country,email,gender,dob,blood_group,state
1701CB05,Marielle Matiewe,Philippines,mmatiewe3@e-recht24.de,Female,30-08-2004,A-,Arunachal Pradesh
1701CE04,Saunder Hulatt,Philippines,shulattq@lulu.com,Male,30-03-2004,O-,Nagaland
1701CE19,Dory Monday,Philippines,dmonday13@jimdo.com,Male,31-05-2005,O+,Tripura
1701CS11,Caprice Knighton,Philippines,cknighton1k@nbcnews.com,Female,14-01-2009,AB-,Rajasthan
1701CS13,Maggi Clemmen,Philippines,mclemmen1m@mail.ru,Female,14-09-2008,O-,Dadra and Nagar Haveli
1701CS40,Hunter Zorzoni,Philippines,hzorzoni2d@mediafire.com,Male,11-09-2016,B-,Arunachal Pradesh
1701EE05,Robers Toth,Philippines,rtoth32@sourceforge.net,Male,22-06-2011,B+,Manipur
1701EE50,Marilee Sheard,Philippines,msheard44@over-blog.com,Female,17-04-2000,AB+,Andaman and Nicobar Islands
1701ME23,Dalston Clementson,Philippines,dclementson4u@hatena.ne.jp,Male,01-11-2007,B-,Karnataka
1701ME28,Giuditta Coweuppe,Philippines,gcoweuppe4z@adobe.com,Female,15-12-2007,A-,Kerala
1701ME31,Pet Candlin,Philippines,pcandlin52@discuz.net,Female,25-02-2019,O-,Puducherry
1701ME47,Antonius Dedon,Philippines,adedon5d@cisco.com,Male,09-08-2008,A+,Punjab
1711CS01,Drucill Traves,Philippines,dtraves5k@wisc.edu,Female,04-09-2013,A+,Haryana
1711CS06,Doralyn Joul,Philippines,djoul5p@dagondesign.com,Female,24-07-2000,B+,Uttar Pradesh
1711ME20,Elvyn Tetsall,Philippines,etetsall6o@ted.com,Male,25-12-2010,O+,Punjab
1711MT03,Vicki Abramowitz,Philippines,vabramowitz6w@hc360.com,Female,07-05-2019,O+,Jammu and Kashmir
1711NT06,Carson Curteis,Philippines,ccurteis79@webmd.com,Male,25-04-2018,O+,Dadra and Nagar Haveli
17PS07,Consuelo Redhole,Philippines,credhole8z@microsoft.com,Female,11-12-2004,A-,Lakshadweep
1801CS23,Gates Van Hesteren,Philippines,gvanb2@walmart.com,Female,01-09-2017,B-,Arunachal Pradesh
1801CS41,Dasha Neggrini,Philippines,dneggrinibk@nhs.uk,Female,09-08-2019,O+,Sikkim
1801CS56,Worth Bendare,Philippines,wbendarebz@nydailynews.com,Male,28-09-2020,B-,Lakshadweep
1801CS69,Annamarie Mault,Philippines,amaultcc@taobao.com,Female,05-07-2000,A+,Himachal Pradesh
1801EE03,Cherey Epine,Philippines,cepinecf@gmpg.org,Female,05-10-2008,A+,Mizoram
1801EE17,Hyacinthia Greensted,Philippines,hgreenstedcr@nhs.uk,Female,17-11-2003,AB-,Jammu and Kashmir
1801EE34,Niall Mechan,Philippines,nmechand7@weibo.com,Male,10-09-2003,A+,Himachal Pradesh
1801EE41,Feliza McHan,Philippines,fmchandc@spiegel.de,Female,12-05-2012,A-,Himachal Pradesh
1801EE43,Babita Whitelaw,Philippines,bwhitelawde@nih.gov,Female,12-08-2018,B+,Punjab
1801ME07,Bevin Binyon,Philippines,bbinyone5@google.ru,Male,26-05-2011,O-,Chandigarh
1801ME12,Dody Sawforde,Philippines,dsawfordee9@topsy.com,Female,08-06-2011,B-,Kerala
1801ME16,Brittney Keiley,Philippines,bkeileyed@ehow.com,Female,29-09-2004,A-,Jharkhand
1801ME61,Zared McQuirter,Philippines,zmcquirterfd@weather.com,Male,13-01-2003,A+,Tamil Nadu
180ME50,Hadria Everly,Philippines,heverlyfi@histats.com,Female,16-03-2015,O-,Jharkhand
1811CS09,Paten Scheu,Philippines,pscheufx@bandcamp.com,Male,14-10-2000,O-,West Bengal
1811EE05,Alanson Sanja,Philippines,asanjag9@zimbio.com,Male,26-01-2020,B-,Lakshadweep
1811EE13,Blane Puden,Philippines,bpudengh@mapy.cz,Male,05-02-2016,A+,Himachal Pradesh
1811MC02,Damian Droghan,Philippines,ddroghangq@linkedin.com,Male,11-09-2019,A-,Uttar Pradesh
1811MC10,Micki Greatbank,Philippines,mgreatbankgx@mapy.cz,Female,21-01-2000,A+,Assam
1811NT05,Teddy Chippindale,Philippines,tchippindalehy@mozilla.com,Male,17-10-2010,O+,Haryana
1812MA06,Caryn Grist,Philippines,cgristij@irs.gov,Female,06-03-2010,O+,Manipur
1812MA07,Phillida Woodhams,Philippines,pwoodhamsik@latimes.com,Female,13-10-2001,O-,Punjab
1821CH01,Kacie Kolakovic,Philippines,kkolakovicj4@sakura.ne.jp,Female,02-03-2013,A-,Dadra and Nagar Haveli
1821CS15,Cristobal Cheltnam,Philippines,ccheltnamjr@adobe.com,Male,20-05-2002,AB+,Uttar Pradesh
1821HS04,Violante Doeg,Philippines,vdoegka@php.net,Female,29-11-2002,O-,Gujarat
1821ME07,Gerri Haug,Philippines,ghaugkm@cdc.gov,Male,15-08-2009,B+,Bihar
1821ME19,Saunderson Osgordby,Philippines,sosgordbykr@free.fr,Male,13-04-2009,O-,Maharashtra
1901CB18,Godfree Fantin,Philippines,gfantinls@newsvine.com,Male,11-02-2003,AB+,Chhattisgarh
1901CB34,Ruben Weadick,Philippines,rweadickm4@abc.net.au,Male,05-11-2019,O+,Uttarakhand
1901CB51,Kimball Hembry,Philippines,khembrymi@weibo.com,Male,26-06-2005,O-,Andhra Pradesh
1901CB54,Chadd Wishart,Philippines,cwishartml@drupal.org,Male,05-08-2019,O+,Haryana
1901CE12,Renata Le Grys,Philippines,rlemz@blinklist.com,Female,25-04-2009,O+,Manipur
1901CE43,Kendrick Choffin,Philippines,kchoffinnr@sohu.com,Male,23-06-2004,O+,Himachal Pradesh
1901CE50,Justis Korfmann,Philippines,jkorfmannnw@storify.com,Male,25-10-2014,B+,Andhra Pradesh
1901CS04,Cesaro Willeson,Philippines,cwillesono6@pinterest.com,Male,29-08-2001,O+,Karnataka
1901CS33,Dottie Hurne,Philippines,dhurneoy@ucoz.com,Female,29-05-2007,B+,Meghalaya
1901CS57,Willyt Matthaus,Philippines,wmatthauspk@usgs.gov,Female,14-10-2009,O+,Kerala
1901EE07,Gregg Dell Casa,Philippines,gdellqc@cdc.gov,Male,11-03-1999,A+,Haryana
1901EE20,Marci Lujan,Philippines,mlujanqp@eepurl.com,Female,06-11-2016,AB+,Nagaland
1901EE31,Jaymee Milliken,Philippines,jmillikenr0@bloomberg.com,Female,31-07-2009,B+,Karnataka
