Roll,Name,Email
2001CB01,Aron Dowbakin,adowbakin0@noaa.gov
2001CB02,Ramsey Sacks,rsacks1@epa.gov
2001CB03,Denys Fisby,dfisby2@yellowpages.com
2001CB04,Carissa Hibbart,chibbart3@blogtalkradio.com
2001CB05,Armstrong Covil,acovil4@google.cn
2001CB06,Conrado Housley,chousley5@dailymotion.com
2001CB07,Rollo Gumbley,rgumbley6@nbcnews.com
2001CB08,Kaylee Gobel,kgobel7@skype.com
2001CB09,Cynde McGuiney,cmcguiney8@berkeley.edu
2001CB10,Tedman Gammack,tgammack9@istockphoto.com
2001CB11,Casi Duffy,cduffya@newsvine.com
2001CB12,Kirstyn Antognelli,kantognellib@123-reg.co.uk
2001CB13,Aleksandr Edelmann,aedelmannc@arizona.edu
2001CB14,Giovanna Dougliss,gdouglissd@woothemes.com
2001CB15,Diann Ker,dkere@ycombinator.com
2001CB16,Ellsworth Burfoot,eburfootf@umich.edu
2001CB17,Catlee ffrench Beytagh,cffrenchg@joomla.org
2001CB18,Dmitri Larrie,dlarrieh@google.co.jp
2001CB19,Elie Bourne,ebournei@google.co.uk
2001CB20,Russ Heynel,rheynelj@ox.ac.uk
2001CB21,Dallas Burtt,dburttk@ihg.com
2001CB22,Derry Spoerl,dspoerll@cisco.com
2001CB23,Vivian Gonsalvez,vgonsalvezm@home.pl
2001CB24,Loy Antonetti,lantonettin@hubpages.com
2001CB25,Melisent Perone,mperoneo@adobe.com
2001CB26,Cordelia Abbyss,cabbyssp@cdc.gov
2001CB27,Bibbie Hargreave,bhargreaveq@senate.gov
2001CB28,Phyllys Terrey,pterreyr@dagondesign.com
2001CB29,Arlen Delacoste,adelacostes@over-blog.com
2001CB30,Bobbye Oxbrough,boxbrought@theglobeandmail.com
2001CB31,York Martynikhin,ymartynikhinu@rediff.com
2001CB32,Sharity Bille,sbillev@ibm.com
2001CB33,Eustacia Izen,eizenw@howstuffworks.com
2001CB34,Debera Cherry,dcherryx@loc.gov
2001CB35,Joan Coulter,jcoultery@xinhuanet.com
2001CB36,Brittney Petri,bpetriz@ifeng.com
2001CB37,Edward Mathers,emathers10@google.nl
2001CB38,Tabbie Raoux,traoux11@nhs.uk
2001CB39,Earle Von Brook,evon12@timesonline.co.uk
2001CB40,Axe Thorneywork,athorneywork13@canalblog.com
2001CB41,Dynah Moakler,dmoakler14@newyorker.com
2001CB42,Adda Glyde,aglyde15@statcounter.com
2001CB43,Flint Knappitt,fknappitt16@cam.ac.uk
2001CB44,Naoma Yackiminie,nyackiminie17@scientificamerican.com
2001CB45,Phylys Ferraresi,pferraresi18@privacy.gov.au
2001CB46,Norah Trodler,ntrodler19@un.org
2001CB47,Norby O' Brian,no1a@yolasite.com
2001CB48,Nicol Dimberline,ndimberline1b@godaddy.com
2001CB49,Bail Croster,bcroster1c@hhs.gov
2001CB50,Linc Crinson,lcrinson1d@redcross.org
2001CB51,Justin Pesik,jpesik1e@nytimes.com
2001CB52,Arlen Kiddell,akiddell1f@jimdo.com
2001CB53,Erek Rutledge,erutledge1g@rediff.com
2001CB54,Eugene De Hooge,ede1h@blogtalkradio.com
2001CB55,Vitoria Bagshaw,vbagshaw1i@usda.gov
2001CB56,Kristan Mathiassen,kmathiassen1j@furl.net
2001CB57,Doralynn Ewbanks,dewbanks1k@omniture.com
2001CB58,Jordan Capnor,jcapnor1l@wix.com
2001CB59,Alphard Lesper,alesper1m@freewebs.com
2001CB60,Tera Bohan,tbohan1n@spotify.com
2001CB61,Moreen Ucceli,mucceli1o@e-recht24.de
2001CB62,Tomasine Nancekivell,tnancekivell1p@goo.gl
2001CB63,Evan Kantor,ekantor1q@bigcartel.com
2001CB64,Leora Kingzett,lkingzett1r@irs.gov
2001CE01,Cinnamon D'Enrico,cdenrico1s@macromedia.com
2001CE02,Windham Brookesbie,wbrookesbie1t@ft.com
2001CE03,Wynn Magowan,wmagowan1u@unesco.org
2001CE04,Jane Guittet,jguittet1v@nymag.com
2001CE05,Maurizio Ixer,mixer1w@smugmug.com
2001CE06,Abbey Jockle,ajockle1x@opera.com
2001CE07,Adelle De Lascy,ade1y@hubpages.com
2001CE08,Clarke Dunn,cdunn1z@spotify.com
2001CE09,Klarika Compton,kcompton20@ifeng.com
2001CE10,Denna Miroy,dmiroy21@xinhuanet.com
2001CE11,Aaron Zanicchelli,azanicchelli22@zimbio.com
2001CE12,Reiko Degg,rdegg23@vinaora.com
2001CE13,Beret Pratley,bpratley24@angelfire.com
2001CE14,Olav Aaron,oaaron25@com.com
2001CE15,Storm Mays,smays26@pbs.org
2001CE16,Corby Trustram,ctrustram27@dot.gov
2001CE17,Mame Taylour,mtaylour28@symantec.com
2001CE18,Nataniel Elkington,nelkington29@miitbeian.gov.cn
2001CE19,Iorgo Monck,imonck2a@npr.org
2001CE20,Lucina Nowick,lnowick2b@hibu.com
2001CE21,Rowena Fishbourne,rfishbourne2c@hostgator.com
2001CE22,Loria Whawell,lwhawell2d@zdnet.com
2001CE23,Antonie Wegener,awegener2e@scribd.com
2001CE24,Ardelia Thame,athame2f@webnode.com
2001CE25,Alfi Tompkin,atompkin2g@ebay.com
2001CE26,Katuscha Tregidga,ktregidga2h@ustream.tv
2001CE27,Rowena Kohen,rkohen2i@mashable.com
2001CE28,Jan Lobell,jlobell2j@cbslocal.com
2001CE29,Shawna Merida,smerida2k@csmonitor.com
2001CE30,Siffre Cordle,scordle2l@harvard.edu
2001CE31,Dallon Wittier,dwittier2m@addtoany.com
2001CE32,Prentiss Gwioneth,pgwioneth2n@edublogs.org
2001CE33,Robyn Nelsey,rnelsey2o@ebay.co.uk
2001CE34,Demetris Ceeley,dceeley2p@sun.com
2001CE35,Danni Withull,dwithull2q@amazonaws.com
2001CE36,Maxine Beere,mbeere2r@hp.com
2001CE37,Brook Le Blond,ble2s@fema.gov
2001CE38,Petunia Northwood,pnorthwood2t@clickbank.net
2001CE39,Rudolfo Fellowes,rfellowes2u@webmd.com
2001CE40,Glyn Gaw,ggaw2v@github.io
2001CE41,Ardith Shrive,ashrive2w@who.int
2001CE42,Abeu Filintsev,afilintsev2x@reverbnation.com
2001CE43,Bamby Wilkie,bwilkie2y@tinypic.com
2001CE44,Wyn Crole,wcrole2z@pcworld.com
2001CE45,Morgen Sturmey,msturmey30@artisteer.com
2001CE46,Hadley Hevey,hhevey31@noaa.gov
2001CE47,Torey Seymour,tseymour32@wikipedia.org
2001CE48,Cicely Mayes,cmayes33@acquirethisname.com
2001CE49,Bess Bradnock,bbradnock34@aol.com
2001CE50,Patric Bridgland,pbridgland35@feedburner.com
2001CE51,Lezley De Benedetti,lde36@admin.ch
2001CE52,Aldric Bellefonte,abellefonte37@home.pl
2001CE53,Con Sieghart,csieghart38@hud.gov
2001CE54,Delora Farens,dfarens39@opensource.org
2001CE55,Desmund Judkin,djudkin3a@1688.com
2001CE56,Channa McFadyen,cmcfadyen3b@aboutads.info
2001CE57,Cecil Huttley,chuttley3c@wix.com
2001CE58,Tulley Statter,tstatter3d@apache.org
2001CE59,Tobie Groger,tgroger3e@mapquest.com
2001CE60,Blancha Lau,blau3f@123-reg.co.uk
2001CE61,Anders Melchior,amelchior3g@utexas.edu
2001CE62,Salomo Pleasance,spleasance3h@hexun.com
2001CE63,Huntington Kettlesting,hkettlesting3i@goo.gl
2001CE64,Bevan Tregust,btregust3j@cyberchimps.com
2001CE65,Andrus Raddenbury,araddenbury3k@theatlantic.com
2001CE66,Alys Churchill,achurchill3l@cdc.gov
2001CS01,Art Rizzone,arizzone3m@arizona.edu
2001CS02,Tallou Glassard,tglassard3n@dmoz.org
2001CS03,Merry O'Heyne,moheyne3o@wsj.com
2001CS04,Chip Duckwith,cduckwith3p@netscape.com
2001CS05,Merwyn Rihanek,mrihanek3q@imgur.com
2001CS06,Louise Noor,lnoor3r@ebay.com
2001CS07,Bartram Brear,bbrear3s@indiatimes.com
2001CS08,Ansley D'Agostino,adagostino3t@blogtalkradio.com
2001CS09,Valaria Powland,vpowland3u@boston.com
2001CS10,Elonore Reddell,ereddell3v@umich.edu
2001CS11,Jazmin Scroggie,jscroggie3w@cisco.com
2001CS12,Sawyere MacLeod,smacleod3x@time.com
2001CS13,Chery Grint,cgrint3y@shareasale.com
2001CS14,Colet Hicklingbottom,chicklingbottom3z@tinypic.com
2001CS15,Desirae Shipman,dshipman40@ft.com
2001CS16,Laure Kenna,lkenna41@ucoz.ru
2001CS17,Jerrie Allred,jallred42@taobao.com
2001CS18,Ricky Pikhno,rpikhno43@gov.uk
2001CS19,Vonnie Stoney,vstoney44@meetup.com
2001CS20,Shellie Fiander,sfiander45@yahoo.com
2001CS21,Eleni Orsman,eorsman46@howstuffworks.com
2001CS22,Zachariah Riepl,zriepl47@cyberchimps.com
2001CS23,Stacie Yukhnev,syukhnev48@miibeian.gov.cn
2001CS24,Phylys McGlade,pmcglade49@army.mil
2001CS25,Brnaba Conibear,bconibear4a@twitpic.com
2001CS26,Anjela Pauer,apauer4b@marriott.com
2001CS27,Sheba Fairhead,sfairhead4c@craigslist.org
2001CS28,Yankee Dakhov,ydakhov4d@timesonline.co.uk
2001CS29,Salome Hymor,shymor4e@bandcamp.com
2001CS30,Ariela Ragdale,aragdale4f@addtoany.com
2001CS31,Wolfie Clother,wclother4g@hibu.com
2001CS32,Tracey Hoofe,thoofe4h@google.fr
2001CS33,Janos Gurys,jgurys4i@tinyurl.com
2001CS34,Micky McCarle,mmccarle4j@creativecommons.org
2001CS35,Niles Brogan,nbrogan4k@mit.edu
2001CS36,Kellina Gibbeson,kgibbeson4l@ucoz.ru
2001CS37,Meyer Cubbinelli,mcubbinelli4m@toplist.cz
2001CS38,Ramsey Skelton,rskelton4n@constantcontact.com
2001CS39,Lina Naismith,lnaismith4o@businessweek.com
2001CS40,Boyd McPhate,bmcphate4p@drupal.org
2001CS41,Marie-jeanne Mingardi,mmingardi4q@thetimes.co.uk
2001CS42,Sapphira Mico,smico4r@alibaba.com
2001CS43,Joanne Truin,jtruin4s@ca.gov
2001CS44,Wilma Braithwaite,wbraithwaite4t@salon.com
2001CS45,Rosmunda Rosenfarb,rrosenfarb4u@vk.com
2001CS46,Sisely Masarrat,smasarrat4v@columbia.edu
2001CS47,Josselyn Reddel,jreddel4w@ask.com
2001CS48,Juli Amorts,jamorts4x@dion.ne.jp
2001CS49,Tedda Woodington,twoodington4y@seesaa.net
2001CS50,Roslyn Pieche,rpieche4z@a8.net
2001CS51,Devland Busk,dbusk50@printfriendly.com
2001CS52,Alfons Tixier,atixier51@joomla.org
2001CS53,Anson Spreull,aspreull52@loc.gov
2001CS54,Tasha Studde,tstudde53@typepad.com
2001CS55,Cam Mawson,cmawson54@newsvine.com
2001CS56,Teodor Crowcroft,tcrowcroft55@about.me
2001CS57,Neall McCann,nmccann56@wufoo.com
2001CS58,Cammy O'Doran,codoran57@bizjournals.com
2001CS59,Nanette Kalb,nkalb58@sciencedirect.com
2001CS60,Angel Chessor,achessor59@yandex.ru
2001CS61,Micky Axelbee,maxelbee5a@soup.io
2001CS62,Stearn Malarkey,smalarkey5b@amazonaws.com
2001CS63,Brigham Skarr,bskarr5c@jigsy.com
2001CS64,Anallese Speakman,aspeakman5d@trellian.com
2001CS65,Nester Cleverley,ncleverley5e@indiegogo.com
2001CS66,Cissiee von Nassau,cvon5f@fda.gov
2001CS67,Alexia Downey,adowney5g@chron.com
2001CS68,Kean Saltmarshe,ksaltmarshe5h@aol.com
2001CS69,Heriberto Roughan,hroughan5i@newyorker.com
2001CS70,Aigneis Bolf,abolf5j@patch.com
2001CS71,Lazarus Andersen,landersen5k@biglobe.ne.jp
2001CS72,Sidonia Muat,smuat5l@spotify.com
2001CS73,Ezri Mac,emac5m@redcross.org
2001CS74,Bradan Leafe,bleafe5n@lycos.com
2001CS75,Isabella Trenbay,itrenbay5o@economist.com
2001CS76,Zitella Lennie,zlennie5p@deliciousdays.com
2001CS77,Karalynn Tole,ktole5q@twitpic.com
2001CS78,Gae O'Henecan,gohenecan5r@dailymail.co.uk
2001CS79,Solomon Hellewell,shellewell5s@who.int
2001CS80,Mortimer Nasi,mnasi5t@wix.com
2001CS81,Rhoda Brisset,rbrisset5u@hexun.com
2001EE01,Lesley Grahlmans,lgrahlmans5v@naver.com
2001EE02,Chloe Coling,ccoling5w@delicious.com
2001EE03,Claudio Kennon,ckennon5x@independent.co.uk
2001EE04,Consalve Jacquemy,cjacquemy5y@smugmug.com
2001EE05,Alaster Scare,ascare5z@w3.org
2001EE06,Daune Regelous,dregelous60@accuweather.com
2001EE07,Virge Devenish,vdevenish61@cyberchimps.com
2001EE08,Jodi Bidnall,jbidnall62@facebook.com
2001EE09,Rupert Kohen,rkohen63@cam.ac.uk
2001EE10,Vincenty Dovidaitis,vdovidaitis64@about.me
2001EE11,Eric Braisher,ebraisher65@php.net
2001EE12,Sheelah Crotch,scrotch66@loc.gov
2001EE13,Priscilla Gatheral,pgatheral67@linkedin.com
2001EE14,Morgen Vater,mvater68@nhs.uk
2001EE15,Saundra Lehr,slehr69@lulu.com
2001EE16,Daisi Beardsley,dbeardsley6a@soundcloud.com
2001EE17,Patten Gunderson,pgunderson6b@weebly.com
2001EE18,Parrnell D'Antuoni,pdantuoni6c@cmu.edu
2001EE19,Cully Witheridge,cwitheridge6d@spiegel.de
2001EE20,Rhona Clears,rclears6e@sakura.ne.jp
2001EE21,Jillana Pothergill,jpothergill6f@paypal.com
2001EE22,Cody Strickland,cstrickland6g@virginia.edu
2001EE23,Genovera Jentgens,gjentgens6h@umn.edu
2001EE24,Rosette Beuscher,rbeuscher6i@fc2.com
2001EE25,Elayne Striker,estriker6j@slate.com
2001EE26,Cacilia Dymoke,cdymoke6k@telegraph.co.uk
2001EE27,Rona Allbrook,rallbrook6l@e-recht24.de
2001EE28,Corinne Rotchell,crotchell6m@ning.com
2001EE29,Dominik Lafont,dlafont6n@seattletimes.com
2001EE30,Alberik Idiens,aidiens6o@constantcontact.com
2001EE31,Ulrich Gouly,ugouly6p@scribd.com
2001EE32,Karlis Ruit,kruit6q@soundcloud.com
2001EE33,Perle Rexworthy,prexworthy6r@example.com
2001EE34,Cathi De Lisle,cde6s@biblegateway.com
2001EE35,Sybilla Rust,srust6t@wordpress.com
2001EE36,Velvet Rubinowicz,vrubinowicz6u@163.com
2001EE37,Sandro Endicott,sendicott6v@eepurl.com
2001EE38,Cully Hanwright,chanwright6w@mlb.com
2001EE39,Roi Tustin,rtustin6x@craigslist.org
2001EE40,Ray Doleman,rdoleman6y@feedburner.com
2001EE41,Inna Luisetti,iluisetti6z@ed.gov
2001EE42,Barb Sheepy,bsheepy70@sciencedaily.com
2001EE43,Aaron Bonavia,abonavia71@gizmodo.com
2001EE44,Connie Carratt,ccarratt72@loc.gov
2001EE45,Birch Schultz,bschultz73@4shared.com
2001EE46,Dall Gosker,dgosker74@sitemeter.com
2001EE47,Reinald Joburn,rjoburn75@google.com.au
2001EE48,Nicol Kersey,nkersey76@icio.us
2001EE49,Pace Eastman,peastman77@gnu.org
2001EE50,Raeann Schooley,rschooley78@diigo.com
2001EE51,Gayel Lumsdall,glumsdall79@meetup.com
2001EE52,Olenka Paunton,opaunton7a@elpais.com
2001EE53,Traci Hengoed,thengoed7b@cmu.edu
2001EE54,Marga Coulter,mcoulter7c@360.cn
2001EE55,Jasun Lochet,jlochet7d@rambler.ru
2001EE56,Nevins Thorrold,nthorrold7e@is.gd
2001EE57,Roxine Elletson,relletson7f@netvibes.com
2001EE58,Ethelred Dowzell,edowzell7g@lycos.com
2001EE59,Arni Bowich,abowich7h@multiply.com
2001EE60,Vidovic Pidgin,vpidgin7i@topsy.com
2001EE61,Towney Feary,tfeary7j@elegantthemes.com
2001EE62,Nerte Goney,ngoney7k@usda.gov
2001EE63,Libbie Oxterby,loxterby7l@utexas.edu
2001EE64,Lester MacGray,lmacgray7m@comcast.net
2001EE65,Dall Dumberell,ddumberell7n@apache.org
2001EE66,Jami Schimon,jschimon7o@utexas.edu
2001EE67,Reagan Synnott,rsynnott7p@amazon.com
2001EE68,Elna Toppas,etoppas7q@hostgator.com
2001EE69,Erin Roblin,eroblin7r@latimes.com
2001EE70,Parnell Bryer,pbryer7s@wikispaces.com
2001EE71,Carmela Thursfield,cthursfield7t@army.mil
2001EE72,Auroora MacPeice,amacpeice7u@ca.gov
2001EE73,Karlotte Cullinan,kcullinan7v@comsenz.com
2001EE74,George Stelljes,gstelljes7w@blogtalkradio.com
2001EE75,Jean Onions,jonions7x@ftc.gov
2001EE76,Guy Sesser,gsesser7y@t.co
2001EE77,Boy Pikesley,bpikesley7z@samsung.com
2001EE78,Adolphe Tax,atax80@webnode.com
2001EE79,Wendi Narup,wnarup81@biblegateway.com
2001EE80,Dominic Celier,dcelier82@gizmodo.com
2001EE81,Corella Saunders,csaunders83@google.co.jp
2001EE82,Gregor Chucks,gchucks84@nytimes.com
2001EE83,Shel Skep,sskep85@vimeo.com
2001ME01,Tom Huge,thuge86@theatlantic.com
2001ME02,Stepha Gallant,sgallant87@163.com
2001ME03,Celle Luckings,cluckings88@arizona.edu
2001ME04,Evonne Shippard,eshippard89@163.com
2001ME05,Noby Brende,nbrende8a@umich.edu
2001ME06,Rabi Yukhnini,ryukhnini8b@ebay.com
2001ME07,Seka Decaze,sdecaze8c@unicef.org
2001ME08,Adeline Westgarth,awestgarth8d@so-net.ne.jp
2001ME09,Francoise Baudou,fbaudou8e@prweb.com
2001ME10,Land Groveham,lgroveham8f@mlb.com
2001ME11,Jorrie Standbrook,jstandbrook8g@istockphoto.com
2001ME12,Dion Lester,dlester8h@google.fr
2001ME13,Franzen Andrioletti,fandrioletti8i@vk.com
2001ME14,Darcey Labusquiere,dlabusquiere8j@engadget.com
2001ME15,Candis Mossom,cmossom8k@wsj.com
2001ME16,Lyndsey Peddar,lpeddar8l@google.fr
2001ME17,Hercule Pywell,hpywell8m@ucsd.edu
2001ME18,Dolorita Cullinane,dcullinane8n@admin.ch
2001ME19,Orel Scorthorne,oscorthorne8o@artisteer.com
2001ME20,Geri Howison,ghowison8p@w3.org
2001ME21,Teddie Gillow,tgillow8q@purevolume.com
2001ME22,Devlin Momery,dmomery8r@reuters.com
2001ME23,Helsa Elsey,helsey8s@nyu.edu
2001ME24,Curr Jannaway,cjannaway8t@columbia.edu
2001ME25,Mandi Laverock,mlaverock8u@about.me
2001ME26,Dionne Deviney,ddeviney8v@diigo.com
2001ME27,Bron Wharmby,bwharmby8w@dell.com
2001ME28,Margaretta Been,mbeen8x@npr.org
2001ME29,Val Pace,vpace8y@samsung.com
2001ME30,Rudy Galland,rgalland8z@cdbaby.com
2001ME31,Margy Ginnell,mginnell90@cnbc.com
2001ME32,Jermaine Dwelley,jdwelley91@google.ru
2001ME33,Fernandina Barnby,fbarnby92@sciencedaily.com
2001ME34,Imelda Knapper,iknapper93@bandcamp.com
2001ME35,Forster Kort,fkort94@usatoday.com
2001ME36,Kent Livsey,klivsey95@php.net
2001ME37,Jacobo Whyman,jwhyman96@slideshare.net
2001ME38,Vilhelmina Fleischmann,vfleischmann97@biglobe.ne.jp
2001ME39,Ted Gordon-Giles,tgordongiles98@acquirethisname.com
2001ME40,Eloise Battson,ebattson99@netlog.com
2001ME41,Mellisent Pottery,mpottery9a@163.com
2001ME42,Allyson Blackhall,ablackhall9b@about.me
2001ME43,Minnaminnie Skirvane,mskirvane9c@delicious.com
2001ME44,Clem Manby,cmanby9d@posterous.com
2001ME45,Rhona Coggen,rcoggen9e@nhs.uk
2001ME46,Lydia Jacomb,ljacomb9f@whitehouse.gov
2001ME47,Rafaello Conti,rconti9g@edublogs.org
2001ME48,Lia Dutton,ldutton9h@geocities.com
2001ME49,Aurora Giabuzzi,agiabuzzi9i@china.com.cn
2001ME50,Fleming Yosevitz,fyosevitz9j@sogou.com
2001ME51,Malvina Isaq,misaq9k@umn.edu
2001ME52,Celinda Sheavills,csheavills9l@japanpost.jp
2001ME53,Theodore Woolliams,twoolliams9m@latimes.com
2001ME54,Travis Duckham,tduckham9n@etsy.com
2001ME55,Bondie Banaszczyk,bbanaszczyk9o@google.com.br
2001ME56,Dorry Deyenhardt,ddeyenhardt9p@newsvine.com
2001ME57,Deeann Ellacombe,dellacombe9q@altervista.org
2001ME58,Nathan Eastgate,neastgate9r@redcross.org
2001ME59,Bethena Stripp,bstripp9s@addtoany.com
2001ME60,Timmie Mecozzi,tmecozzi9t@tumblr.com
2001ME61,Randal Basezzi,rbasezzi9u@so-net.ne.jp
2001ME62,Abran Cursey,acursey9v@mtv.com
2001ME63,Sallyanne Grieveson,sgrieveson9w@foxnews.com
2001ME64,Mathilda Mc Cahey,mmc9x@meetup.com
2001ME65,Mischa Bront,mbront9y@mac.com
2001ME66,Yolanda Lound,ylound9z@w3.org
2001ME67,Marillin Smaridge,msmaridgea0@blog.com
2001ME68,Aksel Bruntjen,abruntjena1@hao123.com
2001ME69,Betsy Wollen,bwollena2@tamu.edu
2001ME70,Sinclare McVittie,smcvittiea3@usda.gov
2001ME71,Culver Scottrell,cscottrella4@wordpress.org
2001ME72,Hillary Page,hpagea5@barnesandnoble.com
2001ME73,Phineas Aikin,paikina6@globo.com
2001ME74,Marlane Domenico,mdomenicoa7@deviantart.com
2001ME75,Elwin Sperling,esperlinga8@storify.com
2001ME76,Mohandis Snead,msneada9@java.com
2001ME77,Imojean Oakland,ioaklandaa@sakura.ne.jp
2001ME78,Carlynne Anthon,canthonab@dailymail.co.uk
2001ME79,Vickie Levane,vlevaneac@chron.com
2001ME80,Katherina Treneer,ktreneerad@stanford.edu
2001ME81,Joete Hinkley,jhinkleyae@cnn.com
2001ME82,Chet Plaister,cplaisteraf@amazon.com
2001ME83,Saudra Sunock,ssunockag@1688.com
2001MM01,Faythe Guillon,fguillonah@virginia.edu
2001MM02,Maryann De Meyer,mdeai@t.co
2001MM03,Portia Reaman,preamanaj@miibeian.gov.cn
2001MM04,Had Coad,hcoadak@umn.edu
2001MM05,Chauncey Vinton,cvintonal@ocn.ne.jp
2001MM06,Pedro Armatage,parmatageam@latimes.com
2001MM07,Carroll Benkhe,cbenkhean@kickstarter.com
2001MM08,Roseline Appleby,rapplebyao@cmu.edu
2001MM09,Ashlin Scamaden,ascamadenap@bluehost.com
2001MM10,Kylynn Scullard,kscullardaq@microsoft.com
2001MM11,Reyna Drable,rdrablear@go.com
2001MM12,Shandee Benettelli,sbenettellias@google.com
2001MM13,Webb Cleere,wcleereat@samsung.com
2001MM14,Ferdie Melliard,fmelliardau@nps.gov
2001MM15,Noach Schohier,nschohierav@bbb.org
2001MM16,Billie Tewkesberrie,btewkesberrieaw@statcounter.com
2001MM17,Ophelia Hayne,ohayneax@columbia.edu
2001MM18,Celinka Sweetenham,csweetenhamay@businessweek.com
2001MM19,Caddric Rubroe,crubroeaz@ca.gov
2001MM20,Jayson Adrien,jadrienb0@icq.com
2001MM21,Berne Okey,bokeyb1@facebook.com
2001MM22,Anatollo Davenhill,adavenhillb2@usda.gov
2001MM23,Wendie Burgwyn,wburgwynb3@nationalgeographic.com
2001MM24,Boris Casol,bcasolb4@bloglines.com
2001MM25,Rory Tutsell,rtutsellb5@wikimedia.org
2001MM26,Hew Tolemache,htolemacheb6@last.fm
2001MM27,Bette Oggers,boggersb7@istockphoto.com
2001MM28,Dougy Kubecka,dkubeckab8@xing.com
2001MM29,Carlyle Belamy,cbelamyb9@dell.com
2001MM30,Estella Brikner,ebriknerba@blogs.com
2001MM31,Camellia Doak,cdoakbb@zdnet.com
2001MM32,Yolande Andrioli,yandriolibc@chron.com
2001MM33,Minda Gudgin,mgudginbd@arizona.edu
2001MM34,Reeba Higgen,rhiggenbe@wisc.edu
2001MM35,Huberto Rohloff,hrohloffbf@oracle.com
2001MM36,Man Baldelli,mbaldellibg@163.com
2001MM37,Michel Osichev,mosichevbh@berkeley.edu
2001MM38,Patsy Stoade,pstoadebi@cbc.ca
2001MM39,Randi Rippin,rrippinbj@google.es
2001MM40,Oswald Spencers,ospencersbk@tumblr.com